{
  "horizon_s": 4.0,
  "num_samples": 8,
  "median_max_translation_excursion_m": 0.2544038564248491,
  "median_max_orientation_excursion_deg": 30.699609457372425
}